encounter_id,age,sex_male,elixhauser_score,length_stay,time_lag_1_bt_max,time_lag_2_bt_max,time_lag_1_crp_max,time_lag_1_leua_max,predictions_max,fever
demo_001,46.9,0,7,2.97,38.9,38.28,7.15,4.88,39.03,1
demo_002,61.4,0,6,1.05,38.6,38.66,6.96,4.87,38.56,0
demo_003,31.5,1,1,3.41,38.33,38.52,12.24,15.16,37.97,0
demo_004,77.5,0,2,2.04,38.42,38.38,12.65,2.2,38.32,1
demo_005,66.9,0,1,5.28,37.74,37.69,5.02,15.99,38.05,0
demo_006,53.9,1,3,3.53,37.55,37.27,9.23,3.1,37.35,0
demo_007,53.6,0,2,4.34,37.52,37.66,7.19,3.92,37.84,0
demo_008,62.3,0,3,13.83,37.99,37.18,17.62,5.65,37.76,0
demo_009,54.3,1,3,0.97,38.56,38.23,20.75,6.77,38.09,0
demo_010,54.8,1,1,1.35,37.57,37.39,0.89,4.72,37.67,0
demo_011,68.1,0,1,10.89,38.11,37.98,11.71,5.47,38.11,0
demo_012,65.2,0,2,2.02,37.34,37.47,10.9,10.99,37.29,0
demo_013,57.1,0,4,3.84,37.35,37.34,6.4,22.58,36.99,0
demo_014,56.8,0,3,3.8,38.29,38.39,18.16,6.13,38.83,1
demo_015,60.3,0,7,1.79,37.59,38.08,7.65,7.27,37.6,0
demo_016,49.4,0,2,0.19,37.58,38.11,10.68,4.53,37.3,0
demo_017,52.3,0,4,4.38,38.79,39.07,7.04,12.9,39.2,1
demo_018,65.7,1,2,2.71,37.93,38.42,6.02,4.49,38.07,0
demo_019,56.2,1,3,1.6,37.88,38.54,1.35,6.5,38.56,0
demo_020,38.8,0,3,3.96,37.8,37.98,5.77,2.58,37.9,0
demo_021,51.3,1,3,3.65,38.09,37.65,2.27,0.99,37.93,0
demo_022,67.2,1,3,2.99,37.58,37.98,3.75,18.54,37.98,1
demo_023,54.7,1,3,4.69,37.93,37.63,14.96,9.07,37.87,0
demo_024,55.9,1,2,4.91,38.39,39.09,10.55,8.3,38.79,0
demo_025,67.0,0,3,2.38,37.76,38.41,11.63,2.77,38.4,1
demo_026,83.5,0,4,2.94,36.83,36.7,10.27,1.83,36.57,0
demo_027,48.0,1,3,5.11,37.61,37.27,10.35,4.18,37.66,0
demo_028,76.9,0,3,1.15,38.25,38.05,10.48,5.16,38.29,1
demo_029,40.8,1,5,2.13,38.4,38.43,2.86,7.39,38.02,0
demo_030,60.4,0,0,2.63,38.06,38.56,7.23,4.85,38.65,0
demo_031,41.6,0,1,2.16,38.54,38.16,17.92,10.31,38.63,1
demo_032,76.9,1,1,11.8,37.43,37.79,4.6,5.92,38.07,0
demo_033,69.7,1,2,6.58,38.48,37.8,6.26,5.79,38.1,1
demo_034,73.9,0,8,1.72,37.99,38.47,1.64,9.61,37.95,0
demo_035,45.6,1,3,1.67,38.2,38.23,0.44,3.24,39.13,0
demo_036,67.6,0,1,4.56,36.61,36.73,10.63,6.06,36.43,0
demo_037,50.7,0,2,1.87,38.3,38.31,2.77,3.47,38.14,0
demo_038,51.6,0,5,2.22,38.0,38.38,15.0,3.23,38.38,0
demo_039,65.1,0,1,4.92,38.76,38.94,20.11,11.83,38.77,1
demo_040,70.3,1,3,6.12,37.98,38.63,10.1,9.22,38.44,0
demo_041,60.9,0,8,4.05,37.46,36.89,2.9,6.63,36.88,0
demo_042,49.2,1,4,2.71,37.54,37.27,17.83,10.49,36.99,0
demo_043,46.4,1,2,4.14,38.08,37.66,14.01,6.03,37.79,1
demo_044,78.2,0,2,1.17,38.04,38.34,3.99,10.77,38.41,1
demo_045,66.3,1,2,2.7,37.61,37.07,14.55,2.92,37.41,0
demo_046,68.1,1,3,1.1,37.42,38.32,3.01,4.43,38.21,0
demo_047,88.0,0,5,3.46,38.58,38.66,7.26,6.07,38.6,0
demo_048,46.6,0,2,4.06,37.79,38.27,6.04,2.66,38.11,0
demo_049,88.0,1,3,1.7,37.87,37.58,14.99,3.25,37.54,0
demo_050,88.0,0,4,5.97,37.66,37.78,4.49,2.32,37.35,0
demo_051,80.7,0,6,6.25,38.53,38.8,16.09,7.23,38.36,0
demo_052,69.6,0,7,1.36,38.4,38.2,6.28,3.68,38.14,0
demo_053,48.7,0,4,6.51,37.44,37.41,8.82,5.68,38.03,0
demo_054,71.9,1,2,6.35,37.87,38.46,1.55,6.61,37.82,0
demo_055,51.8,1,2,2.32,37.49,37.98,9.7,4.41,37.51,0
demo_056,57.7,1,0,7.13,38.73,38.99,11.64,4.91,39.28,1
demo_057,53.9,1,3,4.43,38.1,38.84,19.4,5.26,38.3,0
demo_058,62.0,1,3,12.44,37.77,37.14,11.52,6.23,37.7,0
demo_059,76.0,1,4,1.43,37.75,37.9,8.92,10.73,37.23,1
demo_060,50.2,1,3,5.6,38.14,38.06,7.75,2.53,37.89,0
demo_061,44.2,1,5,2.97,37.79,38.34,9.8,5.11,38.23,0
demo_062,44.0,0,2,2.83,38.59,39.03,6.89,2.38,38.37,0
demo_063,44.4,0,2,7.92,37.48,37.94,5.36,11.42,37.79,0
demo_064,38.0,1,2,5.21,37.34,37.19,7.65,1.64,37.33,0
demo_065,45.2,0,4,3.65,38.53,38.78,13.42,5.35,38.54,1
demo_066,76.1,0,4,3.45,37.71,38.14,10.52,3.79,37.87,0
demo_067,49.7,1,4,2.32,38.54,39.04,6.04,3.45,39.01,1
demo_068,61.6,0,1,1.47,38.3,38.02,13.01,7.39,38.21,0
demo_069,41.0,0,1,1.74,37.29,37.1,5.62,6.63,37.53,0
demo_070,60.4,1,2,1.15,37.63,37.76,3.87,2.75,37.95,0
demo_071,33.6,0,5,2.23,37.92,38.46,14.66,6.37,38.64,1
demo_072,48.2,0,0,7.17,37.8,38.07,4.33,5.74,37.85,0
demo_073,88.0,1,2,4.41,38.04,38.57,2.37,3.12,38.37,0
demo_074,49.8,0,1,4.92,37.62,36.99,3.93,2.05,37.09,0
demo_075,73.7,0,4,1.98,37.86,37.82,4.96,7.73,38.06,1
demo_076,64.4,0,1,6.84,38.35,38.58,9.27,7.3,38.3,1
demo_077,55.9,1,3,2.69,38.5,38.64,12.38,6.57,38.79,0
demo_078,48.9,0,2,3.15,37.54,36.93,4.81,3.54,37.24,0
demo_079,76.0,0,2,1.33,37.8,38.23,8.38,9.9,37.99,0
demo_080,55.5,1,4,5.6,37.84,38.01,8.58,35.0,38.03,0
demo_081,79.4,1,2,0.44,37.29,37.18,22.66,5.31,37.08,0
demo_082,47.9,0,5,2.0,38.32,38.79,6.83,6.61,38.39,1
demo_083,58.8,1,2,1.74,38.15,37.6,4.13,2.97,37.78,0
demo_084,64.5,1,3,6.71,38.13,38.01,2.1,2.99,37.97,1
demo_085,63.2,1,2,6.0,37.85,38.21,0.56,13.62,38.23,1
demo_086,40.7,1,3,2.37,38.29,38.47,2.65,18.48,38.31,0
demo_087,48.7,0,2,6.02,38.33,38.3,12.68,4.15,38.21,0
demo_088,55.3,1,3,2.9,38.42,38.42,15.15,3.26,38.7,1
demo_089,46.0,1,5,1.62,37.82,37.79,13.65,2.78,38.05,0
demo_090,67.5,1,3,3.85,38.06,38.41,7.03,3.34,38.22,0
demo_091,66.2,0,1,2.73,37.73,37.67,12.51,4.95,38.43,0
demo_092,30.6,1,1,2.24,37.75,38.04,3.98,2.29,37.64,1
demo_093,32.7,0,3,0.77,38.34,37.66,2.45,3.14,38.53,0
demo_094,40.1,1,6,2.58,37.92,38.4,6.94,8.39,38.26,1
demo_095,59.6,1,1,3.33,37.83,38.74,6.51,4.33,38.56,1
demo_096,86.5,0,4,1.27,38.17,38.4,14.44,3.0,38.23,0
demo_097,52.6,0,2,5.9,38.2,38.22,11.11,2.37,38.58,0
demo_098,61.5,0,5,2.92,37.56,37.42,4.38,9.0,37.27,0
demo_099,43.1,1,5,10.14,37.61,37.9,4.43,2.55,38.01,1
demo_100,43.3,0,8,1.28,38.22,38.04,9.07,4.37,38.26,1
demo_101,30.6,0,6,4.59,38.14,37.9,8.11,8.63,38.33,0
demo_102,57.6,0,2,4.86,37.81,37.11,10.68,6.56,37.4,0
demo_103,71.3,0,4,3.54,38.44,38.57,8.24,5.65,38.66,1
demo_104,53.0,0,3,3.35,37.86,37.8,14.59,5.69,37.66,0
demo_105,77.6,0,3,9.78,37.03,37.0,3.57,2.7,36.96,0
demo_106,60.8,0,5,3.97,37.54,37.59,4.55,3.1,37.54,0
demo_107,57.5,0,4,1.07,37.24,37.04,3.31,3.61,37.02,0
demo_108,65.2,0,7,3.56,38.42,38.53,5.2,0.86,38.38,0
demo_109,64.8,1,4,4.9,38.13,37.8,5.68,3.71,37.68,0
demo_110,74.1,1,1,0.9,37.95,37.96,2.75,4.48,37.97,0
demo_111,46.8,0,3,1.71,36.86,36.81,0.92,4.53,37.29,0
demo_112,26.0,0,2,4.5,37.24,36.69,4.74,4.42,37.83,0
demo_113,59.6,1,3,2.08,37.83,37.46,15.46,5.37,37.48,0
demo_114,49.4,1,4,3.85,37.1,36.94,14.06,5.59,36.86,0
demo_115,57.6,1,1,1.89,38.32,38.18,9.54,12.61,38.4,0
demo_116,81.3,1,3,1.59,37.85,37.99,10.04,5.22,38.1,0
demo_117,42.6,0,5,7.17,37.84,37.74,4.44,7.92,37.48,0
demo_118,68.7,0,5,6.96,37.87,37.9,2.38,3.34,37.29,0
demo_119,71.2,1,6,9.15,37.47,37.38,10.14,5.79,37.55,0
demo_120,64.5,0,1,2.07,37.43,36.57,11.03,5.68,37.47,0
